[
  {
    "title": "Town of Stillnight",
    "intro": "A quiet settlement on the edge of the void.",
    "depth": 0,
    "music": "town1",
    "image": "TownAlencar.png",
    "events": [
      { "id": "stairs", "count": 1 },
      { "id": "recovery", "count": 1 },
      { "id": "npc_alicia", "count": 1 },
      { "id": "npc_laura", "count": 1 },
      { "id": "npc_weapon_shop", "count": 1 },
      { "id": "npc_auction", "count": 1 },
      { "id": "npc_gate_guard", "count": 1 }
    ],
    "treasures": [],
    "encounters": [],
    "recruits": []
  },
  {
    "title": "Floor 1: Entry Hall",
    "intro": "You cross the threshold into the dark.",
    "depth": 1,
    "music": "dungeon1",
    "image": "DungeonFloors1.png",
    "events": [
      { "id": "stairs", "count": 1 },
      { "id": "recovery", "chance": 0.3 },
      { "id": "enemy", "min": 2, "max": 3 },
      { "id": "recruit", "chance": 0.5 },
      { "id": "treasure", "count": 1 },
      {
          "id": "enemy",
          "count": 1,
          "behavior": "chase",
          "symbol": "!",
          "cssClass": "text-danger",
          "encounters": [
              { "id": "imp", "weight": 10 }
          ]
      }
    ],
    "treasures": ["potion", "antidote"],
    "encounters": [
      { "id": "pixie", "weight": 5 },
      { "id": "skeleton", "weight": 5 },
      { "id": "imp", "weight": 3 }
    ],
    "recruits": ["pixie", "skeleton", "imp", "wisp", "bat","candle"]
  },
  {
    "title": "Floor 2: Chasm Crossing",
    "intro": "Wind howls across a broken bridge.",
    "depth": 2,
    "music": "dungeon1",
    "image": "DungeonFloors1.png",
    "events": [
      { "id": "stairs", "count": 1 },
      { "id": "recovery", "chance": 0.3 },
      { "id": "enemy", "min": 3, "max": 4 },
      { "id": "shrine", "chance": 0.5 },
      { "id": "npc_dungeon_merchant", "chance": 0.5 },
      { "id": "recruit", "chance": 0.6 },
      { "id": "trap", "min": 1, "max": 2 },
      { "id": "treasure", "chance": 0.5 }
    ],
    "treasures": ["hi_potion", "iron_sword"],
    "encounters": [
      { "id": "skeleton", "weight": 8 },
      { "id": "imp", "weight": 5 },
      { "id": "wisp", "weight": 4 },
      { "id": "ooze", "weight": 3 }
    ],
    "recruits": ["skeleton", "imp", "ooze", "golem","candle","flauros"]
  },
  {
    "title": "Floor 3: Rusted Choir",
    "intro": "Broken bells sway above a dry pit.",
    "depth": 3,
    "music": "dungeon1",
    "image": "DungeonFloors1.png",
    "events": [
      { "id": "stairs", "count": 1 },
      { "id": "recovery", "chance": 0.3 },
      { "id": "enemy", "min": 4, "max": 6 },
      { "id": "shrine", "chance": 0.5 },
      { "id": "recruit", "chance": 0.7 }
    ],
    "encounters": [
      { "id": "golem", "weight": 6 },
      { "id": "demon", "weight": 4 },
      { "id": "angel", "weight": 3 }
    ],
    "recruits": ["golem", "demon", "angel", "larva","flauros"]
  },
  {
    "title": "Floor 4: Cryptic Vault",
    "intro": "Relic pedestals gleam with unnatural light.",
    "depth": 4,
    "music": "dungeon1",
    "image": "DungeonFloors1.png",
    "events": [
      { "id": "stairs", "count": 1 },
      { "id": "recovery", "chance": 0.2 },
      { "id": "enemy", "min": 5, "max": 7 },
      { "id": "shrine", "chance": 0.5 },
      { "id": "npc_dungeon_merchant", "chance": 0.5 },
      { "id": "recruit", "chance": 0.5 },
      { "id": "npc_daphne", "count": 1 }
    ],
    "encounters": [
      { "id": "demon", "weight": 8 },
      { "id": "highPixie", "weight": 4 },
      { "id": "ghoul", "weight": 4 }
    ],
    "recruits": ["demon", "angel", "golem","flauros"]
  },
  {
    "title": "Floor 5: Blood Chapel",
    "intro": "Walls whisper of ancient oaths.",
    "depth": 5,
    "music": "dungeon1",
    "image": "DungeonFloors1.png",
    "events": [
      { "id": "stairs", "count": 1 },
      { "id": "recovery", "chance": 0.2 },
      { "id": "enemy", "min": 5, "max": 8 },
      { "id": "shrine", "chance": 0.4 },
      { "id": "recruit", "chance": 0.4 }
    ],
    "encounters": [
      { "id": "crimsonLord", "weight": 2 },
      { "id": "demon", "weight": 8 },
      { "id": "highPixie", "weight": 5 }
    ],
    "recruits": ["demon", "angel"]
  },
  {
    "title": "Floor 6: Stillnight Sanctum",
    "intro": "A presence fills the air. The Eternal Warden awaits.",
    "depth": 6,
    "music": "dungeon1",
    "image": "DungeonFloors1.png",
    "events": [
      { "id": "recovery", "count": 1 },
      { "id": "enemy", "min": 1, "max": 1 }
    ],
    "encounters": [
      { "id": "crimsonLord", "weight": 10 },
      { "id": "demon", "weight": 5 }
    ],
    "recruits": []
  }
]
