{
  "npc_alicia": {
    "name": "Alicia",
    "layout": "visual_novel",
    "portrait": "NPC_Alicia",
    "initialState": "router",
    "states": {
      "router": {
        "condition": "flag:alicia_first_met",
        "trueState": "default",
        "falseState": "intro_first_time"
      },

      "intro_first_time": {
        "text": "Oh! H-hello—! I… I didn’t see you coming. I’m Alicia. Welcome to my shop! Uhm— please look around! And— and if you’re hungry, I can warm something up. Not for sale. Just… because.",
        "choices": [
          { "label": "Buy Consumables", "action": "shop", "shopId": "consumables_basic" },
          { "label": "You’re kind.", "nextState": "intro_kind" },
          { "label": "Leave", "action": "close", "setFlag": "alicia_first_met" }
        ]
      },

      "intro_kind": {
        "text": "M-me? No, I’m… I’m normal. I just… I don’t like when people look empty. Like they forgot they have a body. Sorry. That sounded weird.",
        "choices": [
          { "label": "Not weird.", "nextState": "intro_not_weird" },
          { "label": "Buy Consumables", "action": "shop", "shopId": "consumables_basic", "setFlag": "alicia_first_met" },
          { "label": "Leave", "action": "close", "setFlag": "alicia_first_met" }
        ]
      },

      "intro_not_weird": {
        "text": "…Thank you. People usually laugh. Or they say ‘that’s cute’ and then they don’t mean it. Anyway! Please— uhm— browse!",
        "choices": [
          { "label": "Buy Consumables", "action": "shop", "shopId": "consumables_basic", "setFlag": "alicia_first_met" },
          { "label": "Talk", "nextState": "talk_menu", "setFlag": "alicia_first_met" },
          { "label": "Leave", "action": "close", "setFlag": "alicia_first_met" }
        ]
      },

      "default": {
        "text": "Oh! H-hello there! I… I didn’t see you coming! Uhm… welcome! Please look around. And— uh— drink water. People forget.",
        "choices": [
          { "label": "Buy Consumables", "action": "shop", "shopId": "consumables_basic" },
          { "label": "Talk", "nextState": "talk_menu" },
          { "label": "Ask about quests", "nextState": "quest_router" },
          { "label": "Leave", "action": "close" }
        ]
      },

      "talk_menu": {
        "text": "O-okay. What do you want to talk about? I’m not good at… normal conversations. I mean— I can talk! I just… talk too much.",
        "choices": [
          { "label": "How are you holding up?", "nextState": "talk_holding_up_router" },
          { "label": "Talk about Laura", "nextState": "talk_laura_router" },
          { "label": "Talk about the dungeon", "nextState": "talk_dungeon" },
          { "label": "Back", "nextState": "default" }
        ]
      },

      "talk_holding_up_router": {
        "condition": "flag:alicia_spiral_unlocked",
        "trueState": "talk_holding_up_spiral",
        "falseState": "talk_holding_up_normal"
      },

      "talk_holding_up_normal": {
        "text": "I’m fine! I mean— I’m… okay. Some days I’m made of feathers, and other days I’m made of bricks. Today is… moderately feather.",
        "choices": [
          { "label": "You look tired. Did you eat?", "nextState": "talk_did_you_eat" },
          { "label": "Back", "nextState": "talk_menu" }
        ]
      },

      "talk_did_you_eat": {
        "text": "Oh! That’s sweet… I did. Sort of. Tea counts, right? …No, don’t answer. If you say ‘no’ I’ll cry and then I’ll laugh and then I’ll cry again and it becomes a whole thing.",
        "choices": [
          { "label": "I can bring you something.", "nextState": "talk_offer_food" },
          { "label": "Back", "nextState": "talk_menu" }
        ]
      },

      "talk_offer_food": {
        "text": "You don’t have to do that. I— I want to say yes though. That’s the problem with me. I want to say yes to everything that feels warm.",
        "choices": [
          { "label": "That’s not a problem.", "nextState": "talk_warm_isnt_problem" },
          { "label": "Back", "nextState": "talk_menu" }
        ]
      },

      "talk_warm_isnt_problem": {
        "text": "…If you keep talking like that, I’ll start trusting you. And then I’ll get weird about it. So— um— thank you. Quietly. Okay?",
        "choices": [
          { "label": "Okay.", "nextState": "talk_menu", "setFlag": "alicia_spiral_unlocked" },
          { "label": "Back", "nextState": "talk_menu", "setFlag": "alicia_spiral_unlocked" }
        ]
      },

      "talk_holding_up_spiral": {
        "text": "…I’m okay. I’m okay. I’m okay. Sorry. If I say it three times it feels more true. Sometimes I… panic-clean the house. Like if everything is spotless, nothing bad can happen. Stupid, right?",
        "choices": [
          { "label": "Not stupid.", "nextState": "talk_spiral_not_stupid" },
          { "label": "Back", "nextState": "talk_menu" }
        ]
      },

      "talk_spiral_not_stupid": {
        "text": "Thanks. People call me ‘dramatic’. But it’s not drama. It’s… math. If I don’t do the ritual, the bad thing comes. My brain doesn’t understand probability.",
        "choices": [
          { "label": "Back", "nextState": "talk_menu" }
        ]
      },

      "talk_laura_router": {
        "condition": "flag:laura_first_met",
        "trueState": "talk_laura",
        "falseState": "talk_laura_before_met"
      },

      "talk_laura_before_met": {
        "text": "Laura? Oh— you haven’t met her? She’s… she’s the kind of person you notice even if you’re trying not to notice people. Tall. Blonde. Looks like she belongs in a painting that judges you.",
        "choices": [
          { "label": "Introduce me sometime.", "nextState": "talk_laura_introduce" },
          { "label": "Back", "nextState": "talk_menu" }
        ]
      },

      "talk_laura_introduce": {
        "text": "I can’t just… present her like a gift! Sorry. That sounded— um— I’ll… I’ll try. She’s busy a lot. But I’ll try.",
        "choices": [
          { "label": "Back", "nextState": "talk_menu" }
        ]
      },

      "talk_laura": {
        "text": "Have you seen Laura around? She’s… she’s so amazing, isn’t she? *sigh* Sometimes I wonder if— oh! Nevermind! People say weird things about us, but she’s just teasing! She’s been with Raphael for 7 years… I just want her to be happy.",
        "choices": [
          { "label": "People say weird things?", "nextState": "talk_laura_weird_things" },
          { "label": "Do you feel safe with her?", "nextState": "talk_laura_safe_router" },
          { "label": "Ask about Quest", "nextState": "quest_router" },
          { "label": "Back", "nextState": "talk_menu" }
        ]
      },

      "talk_laura_weird_things": {
        "text": "That she’s ‘using’ me. That she’s ‘cruel’. That I’m ‘too much’ and she likes that. But Laura isn’t cruel. She’s… honest. And I like honesty. Even when it hurts.",
        "choices": [
          { "label": "Honesty shouldn’t be a weapon.", "nextState": "talk_laura_weapon" },
          { "label": "Back", "nextState": "talk_menu" }
        ]
      },

      "talk_laura_weapon": {
        "text": "…Yeah. Sometimes it feels like a little knife with lipstick on it. But I deserve it. I mean— I probably do. I don’t know. Forget I said that.",
        "choices": [
          { "label": "You don’t deserve pain.", "nextState": "talk_laura_deserve_pain" },
          { "label": "Back", "nextState": "talk_menu" }
        ]
      },

      "talk_laura_deserve_pain": {
        "text": "…Don’t say that so easily. If it’s true, I’ll have to rebuild my whole personality.",
        "choices": [
          { "label": "Back", "nextState": "talk_menu", "setFlag": "alicia_spiral_unlocked" }
        ]
      },

      "talk_laura_safe_router": {
        "condition": "flag:alicia_spiral_unlocked",
        "trueState": "talk_laura_safe_spiral",
        "falseState": "talk_laura_safe_deflect"
      },

      "talk_laura_safe_deflect": {
        "text": "Safe? Yes! Of course. She’s not— she’s not like that. I’m just… sensitive. That’s all.",
        "choices": [
          { "label": "Back", "nextState": "talk_menu" }
        ]
      },

      "talk_laura_safe_spiral": {
        "text": "Safe…? I feel… *held*. Which is different. Sometimes held is safe. Sometimes held is a cage that smells like perfume.",
        "choices": [
          { "label": "That’s a heavy sentence.", "nextState": "talk_laura_heavy_sentence" },
          { "label": "Back", "nextState": "talk_menu" }
        ]
      },

      "talk_laura_heavy_sentence": {
        "text": "I’m sorry. I’m sorry. See? I do the thing where I say something true and then I punish myself for it.",
        "choices": [
          { "label": "Back", "nextState": "talk_menu" }
        ]
      },

      "talk_dungeon": {
        "text": "The dungeon… It’s not like normal ruins. It listens. It waits. You know how sometimes a room feels like it remembers you? It’s like that. But under your skin.",
        "choices": [
          { "label": "Why do people go down there?", "nextState": "talk_dungeon_why" },
          { "label": "Back", "nextState": "talk_menu" }
        ]
      },

      "talk_dungeon_why": {
        "text": "Money. Pride. Curiosity. Sometimes love. Sometimes revenge. Mostly… because the town is small, and if you don’t become someone, you become nothing.",
        "choices": [
          { "label": "Back", "nextState": "talk_menu" }
        ]
      },

      "quest_router": {
        "condition": "questStatus:sparkling_gift:completed",
        "trueState": "quest_complete",
        "falseState": "quest_offer_router"
      },

      "quest_offer_router": {
        "condition": "questStatus:sparkling_gift:active",
        "trueState": "quest_active",
        "falseState": "quest_offer"
      },

      "quest_offer": {
        "text": "Actually… could you help me find something for her? She loves sparkly things. Maybe if I gave her something special… she’d look at me like I’m… real.",
        "choices": [
          {
            "label": "Hear the request",
            "action": "quest",
            "questId": "sparkling_gift",
            "acceptState": "quest_active",
            "declineState": "talk_laura"
          },
          { "label": "Maybe later", "nextState": "default" }
        ]
      },

      "quest_active": {
        "text": "You’ll know it when you see it — a Glittering Teardrop. Merchants whisper about them. It’s… stupid, right? Like a fairytale trinket. But Laura likes fairytale trinkets when she thinks no one’s watching.",
        "condition": "hasItem:glittering_teardrop",
        "trueState": "quest_turnin",
        "choices": [
          { "label": "Review quest details", "action": "quest", "questId": "sparkling_gift" },
          { "label": "Back", "nextState": "default" }
        ]
      },

      "quest_turnin": {
        "text": "Oh—! Is that…? It’s perfect. May I— may I have it? I’ll… I’ll make it matter.",
        "choices": [
          {
            "label": "Hand over the teardrop",
            "action": "questComplete",
            "questId": "sparkling_gift",
            "completeState": "quest_complete",
            "takeItem": "glittering_teardrop",
            "setFlag": "alicia_gift_delivered"
          },
          { "label": "Not yet", "nextState": "quest_active" }
        ]
      },

      "quest_complete": {
        "text": "Thank you. Laura will… she’ll love this. Or she’ll tease me and I’ll pretend it doesn’t hurt. Either way— it’s something. Here, take this as thanks. And— uhm— come back alive, okay?",
        "choices": [
          { "label": "Back", "nextState": "default" }
        ]
      }
    }
  },

  "npc_laura": {
    "name": "Laura",
    "layout": "visual_novel",
    "portrait": "NPC_Laura",
    "initialState": "router",
    "states": {
      "router": {
        "condition": "flag:laura_first_met",
        "trueState": "default",
        "falseState": "intro_first_time"
      },

      "intro_first_time": {
        "text": "Well, hello there. New face. You look like someone who knows when to leave before things get ugly. That’s rare in this town. I’m Laura.",
        "choices": [
          { "label": "Browse Accessories", "action": "shop", "shopId": "accessories_special", "setFlag": "laura_first_met" },
          { "label": "Talk", "nextState": "talk_menu", "setFlag": "laura_first_met" },
          { "label": "Leave", "action": "close", "setFlag": "laura_first_met" }
        ]
      },

      "default": {
        "text": "Well, hello there, darling. Looking for something shiny, or just admiring the view? I’m Laura. Goldsmith. Occasional problem.",
        "choices": [
          { "label": "Browse Accessories", "action": "shop", "shopId": "accessories_special" },
          { "label": "Talk", "nextState": "talk_menu" },
          { "label": "Talk about Alicia", "nextState": "state_alicia_entry" },
          { "label": "Leave", "action": "close" }
        ]
      },

      "talk_menu": {
        "text": "Go on. Say what you mean. People here talk like they’re trying not to exist.",
        "choices": [
          { "label": "Alicia cares about you.", "nextState": "talk_alicia_cares" },
          { "label": "About Raphael", "nextState": "talk_raphael" },
          { "label": "About the dungeon", "nextState": "talk_dungeon" },
          { "label": "Ask about Quest", "nextState": "quest_router" },
          { "label": "Back", "nextState": "default" }
        ]
      },

      "talk_alicia_cares": {
        "text": "I know. That’s the problem, isn’t it? She feels things at full volume. If I’m not careful, I become the whole soundtrack.",
        "choices": [
          { "label": "Do you feel guilty?", "nextState": "talk_guilty_router" },
          { "label": "Back", "nextState": "talk_menu" }
        ]
      },

      "talk_guilty_router": {
        "condition": "flag:laura_vulnerable_unlocked",
        "trueState": "talk_guilty_vulnerable",
        "falseState": "talk_guilty_deflect"
      },

      "talk_guilty_deflect": {
        "text": "Guilt is for people who pretend they didn’t choose. I choose. Every day. Next question.",
        "choices": [
          { "label": "Back", "nextState": "talk_menu" }
        ]
      },

      "talk_guilty_vulnerable": {
        "text": "…Yes. Not in the dramatic way. In the quiet way that sits in your ribs when you’re alone. I don’t want to hurt her. I just… don’t want to be owned by someone else’s need.",
        "choices": [
          { "label": "That’s honest.", "nextState": "talk_guilty_honest" },
          { "label": "Back", "nextState": "talk_menu" }
        ]
      },

      "talk_guilty_honest": {
        "text": "Honest doesn’t mean kind. But I’m trying. Tell Alicia I said that— and she’ll turn it into a religion, so actually don’t.",
        "choices": [
          { "label": "Back", "nextState": "talk_menu" }
        ]
      },

      "talk_raphael": {
        "text": "Raphael? We’ve been engaged for seven years. He’s steady. Reliable. Dangerous in the way a smile can be dangerous. He knows how to sound gentle while moving you like furniture.",
        "choices": [
          { "label": "Do you love him?", "nextState": "talk_love_router" },
          { "label": "Back", "nextState": "talk_menu" }
        ]
      },

      "talk_love_router": {
        "condition": "flag:laura_vulnerable_unlocked",
        "trueState": "talk_love_vulnerable",
        "falseState": "talk_love_deflect"
      },

      "talk_love_deflect": {
        "text": "Love is a big word. We function. That’s worth more than poetry down here.",
        "choices": [
          { "label": "Back", "nextState": "talk_menu" }
        ]
      },

      "talk_love_vulnerable": {
        "text": "I love the part of him that doesn’t ask questions when I go quiet. I hate the part of him that thinks that means he owns me.",
        "choices": [
          { "label": "Back", "nextState": "talk_menu", "setFlag": "laura_vulnerable_unlocked" }
        ]
      },

      "talk_dungeon": {
        "text": "The dungeon is a wound the town pretends is a mine. People go down for ‘treasure’. But what they bring back is usually… an explanation for their suffering.",
        "choices": [
          { "label": "You go down too?", "nextState": "talk_dungeon_go" },
          { "label": "Back", "nextState": "talk_menu" }
        ]
      },

      "talk_dungeon_go": {
        "text": "Sometimes. I’m not a good Summoner. I get distracted. I think about the wrong things. Then my MP runs thin and I start bargaining with myself. I always leave before it takes something I can’t replace.",
        "choices": [
          { "label": "Back", "nextState": "talk_menu" }
        ]
      },

      "state_alicia_entry": {
        "text": "Alicia? Oh— speak of the devil…",
        "portrait": "NPC_Laura",
        "speakers": [
          { "id": "NPC_Laura", "active": true, "emotion": "neutral" }
        ],
        "choices": [
          { "label": "...", "nextState": "state_alicia_hello" }
        ]
      },

      "state_alicia_hello": {
        "text": "H-hello! I didn’t mean to interrupt! I just… brought the polish.",
        "speakers": [
          { "id": "NPC_Alicia", "active": true, "emotion": "shock" },
          { "id": "NPC_Laura", "active": false, "emotion": "neutral" }
        ],
        "choices": [
          { "label": "Continue", "nextState": "state_alicia_reply" },
          { "label": "Step away", "action": "close" }
        ]
      },

      "state_alicia_reply": {
        "text": "Just put it on the table, dear. And try not to knock anything over this time, hmm?",
        "speakers": [
          { "id": "NPC_Alicia", "active": false, "emotion": "shock" },
          { "id": "NPC_Laura", "active": true, "emotion": "approval" }
        ],
        "choices": [
          { "label": "Leave them be", "action": "close" },
          { "label": "Say something", "nextState": "state_player_says_something" }
        ]
      },

      "state_player_says_something": {
        "text": "Oh? Do you want to mediate our domestic comedy, Summoner?",
        "speakers": [
          { "id": "NPC_Laura", "active": true, "emotion": "neutral" },
          { "id": "NPC_Alicia", "active": false, "emotion": "shock" }
        ],
        "choices": [
          { "label": "Be gentle to Alicia.", "nextState": "state_player_be_gentle" },
          { "label": "I’ll leave.", "action": "close" }
        ]
      },

      "state_player_be_gentle": {
        "text": "…Fine. Alicia, come here. Look at me. Breathe. You’re not in trouble.",
        "speakers": [
          { "id": "NPC_Laura", "active": true, "emotion": "neutral" },
          { "id": "NPC_Alicia", "active": true, "emotion": "approval" }
        ],
        "choices": [
          { "label": "Leave quietly", "action": "close", "setFlag": "laura_vulnerable_unlocked" }
        ]
      },

      "quest_router": {
        "condition": "questStatus:golden_promise:completed",
        "trueState": "quest_complete",
        "falseState": "quest_offer_router"
      },

      "quest_offer_router": {
        "condition": "questStatus:golden_promise:active",
        "trueState": "quest_active",
        "falseState": "quest_offer"
      },

      "quest_offer": {
        "text": "Actually, I need a favor. There’s a rare undead prowling the lower floors… rumor has it it wears a pure gold band. Bring it to me. Raw material for a project. Don’t ask which one.",
        "choices": [
          { "label": "I’ll do it", "action": "quest", "questId": "golden_promise", "acceptState": "quest_active", "declineState": "default" },
          { "label": "Too dangerous", "nextState": "default" }
        ]
      },

      "quest_active": {
        "text": "The signet I’m after is pristine gold. If you find an Untarnished Signet, bring it straight to me. And don’t clean it. I want the truth on it.",
        "condition": "hasItem:untarnished_signet",
        "trueState": "quest_turnin",
        "choices": [
          { "label": "Remind me", "action": "quest", "questId": "golden_promise" },
          { "label": "Back", "nextState": "default" }
        ]
      },

      "quest_turnin": {
        "text": "You found it. Good. Hand it here— carefully. People think gold is soft. It isn’t. It remembers pressure.",
        "choices": [
          { "label": "Give the signet", "action": "questComplete", "questId": "golden_promise", "completeState": "quest_complete", "takeItem": "untarnished_signet" },
          { "label": "Not yet", "nextState": "quest_active" }
        ]
      },

      "quest_complete": {
        "text": "This will do nicely. Here’s your payment— and my respect. Few bring back what they promise. Fewer come back without bragging about it.",
        "choices": [
          { "label": "Back", "nextState": "default" }
        ]
      }
    }
  },

  "npc_gate_guard": {
    "name": "Gate Guard",
    "initialState": "default",
    "layout": "visual_novel",
    "states": {
      "default": {
        "text": "Halt. The dungeon below is dangerous. Only authorized Summoners may pass.",
        "condition": "hasItem:guild_pass",
        "trueState": "allow_pass",
        "falseState": "deny_pass"
      },
      "allow_pass": {
        "text": "Guild Pass verified. Keep your MP above the red line. Don’t be a hero in there— heroes become stains.",
        "choices": [
          { "label": "Enter Dungeon", "action": "teleport", "target": "dungeon_floor_1" },
          { "label": "Ask about stains.", "nextState": "allow_pass_stains" },
          { "label": "Leave", "action": "close" }
        ]
      },
      "allow_pass_stains": {
        "text": "People come back talking about ‘treasure’. Then they stop sleeping. Then they stop talking. Then we stop calling them by name. Go.",
        "choices": [
          { "label": "Enter Dungeon", "action": "teleport", "target": "dungeon_floor_1" },
          { "label": "Leave", "action": "close" }
        ]
      },
      "deny_pass": {
        "text": "No Guild Pass. Speak to the Guildmaster in town. And don’t try to slip past. I’ve buried faster people than you.",
        "choices": [
          { "label": "Leave", "action": "close" }
        ]
      }
    }
  },

  "npc_dungeon_merchant": {
    "name": "Wandering Merchant",
    "layout": "visual_novel",
    "initialState": "router",
    "states": {
      "router": {
        "condition": "flag:dungeon_merchant_met",
        "trueState": "default",
        "falseState": "intro"
      },
      "intro": {
        "text": "Oh— a living one. Don’t startle me like that. Here. I sell necessities. Not hope. Hope’s extra.",
        "choices": [
          { "label": "Show me what you have", "action": "shop", "shopId": "dungeon_merchant", "setFlag": "dungeon_merchant_met" },
          { "label": "Any advice?", "nextState": "advice", "setFlag": "dungeon_merchant_met" },
          { "label": "No thanks", "action": "close", "setFlag": "dungeon_merchant_met" }
        ]
      },
      "default": {
        "text": "A friendly face in the dark. Care for supplies? It gets expensive the deeper you go. That’s the point.",
        "choices": [
          { "label": "Show me what you have", "action": "shop", "shopId": "dungeon_merchant" },
          { "label": "Any advice?", "nextState": "advice" },
          { "label": "No thanks", "action": "close" }
        ]
      },
      "advice": {
        "text": "Advice? Keep one summon slot empty. The dungeon loves to tempt you when you’re at your limit. And never ‘push one more room’ when your MP is low. That’s how you become a story.",
        "choices": [
          { "label": "Back", "nextState": "default" },
          { "label": "Close", "action": "close" }
        ]
      }
    }
  },

  "npc_weapon_shop": {
    "name": "Weaponsmith",
    "layout": "visual_novel",
    "initialState": "default",
    "states": {
      "default": {
        "text": "Blades, hammers, axes. If it kills, I sell it. If it breaks, I fix it. If you break, that’s on you.",
        "choices": [
          { "label": "Buy Weapons", "action": "shop", "shopId": "weapons_basic" },
          { "label": "Ask about the dungeon", "nextState": "talk_dungeon" },
          { "label": "Leave", "action": "close" }
        ]
      },
      "talk_dungeon": {
        "text": "Down there? Don’t fight fair. Don’t fight pretty. Fight to leave. The only winning move is coming back with your hands still yours.",
        "choices": [
          { "label": "Back", "nextState": "default" }
        ]
      }
    }
  },

  "npc_auction": {
    "name": "Auctioneer",
    "layout": "visual_novel",
    "initialState": "default",
    "states": {
      "default": {
        "text": "Rare finds! Highest bidder takes all! …Well. Fixed price for now. But the *spirit* is the same. Spend like you’re trying to forget something.",
        "choices": [
          { "label": "Browse", "action": "shop", "shopId": "auction_house" },
          { "label": "Ask what’s ‘unidentified’ mean", "nextState": "talk_unid" },
          { "label": "Leave", "action": "close" }
        ]
      },
      "talk_unid": {
        "text": "It means you pay first and ask questions later. Just like love. Just like the dungeon. Now— are you brave, or are you smart?",
        "choices": [
          { "label": "Browse", "action": "shop", "shopId": "auction_house" },
          { "label": "Back", "nextState": "default" }
        ]
      }
    }
  },

  "npc_daphne": {
    "name": "Daphne",
    "layout": "visual_novel",
    "portrait": "NPC_Daphne",
    "initialState": "router",
    "states": {
      "router": {
        "condition": "flag:daphne_first_met",
        "trueState": "default",
        "falseState": "intro"
      },
      "intro": {
        "text": "…You’re late.",
        "choices": [
          { "label": "Who are you?", "nextState": "intro_who", "setFlag": "daphne_first_met" },
          { "label": "Late for what?", "nextState": "intro_late_for", "setFlag": "daphne_first_met" },
          { "label": "Leave", "action": "close", "setFlag": "daphne_first_met" }
        ]
      },
      "intro_who": {
        "text": "Daphne. I’m the part of the dungeon that learned to speak politely.",
        "choices": [
          { "label": "That’s not an answer.", "nextState": "intro_not_answer" },
          { "label": "Leave", "action": "close" }
        ]
      },
      "intro_not_answer": {
        "text": "It is. You’re just not used to answers that don’t comfort you.",
        "choices": [
          { "label": "…", "nextState": "default" },
          { "label": "Leave", "action": "close" }
        ]
      },
      "intro_late_for": {
        "text": "For the version of you that doesn’t come back.",
        "choices": [
          { "label": "…", "nextState": "default" },
          { "label": "Leave", "action": "close" }
        ]
      },
      "default": {
        "text": "…Don’t waste steps. Don’t waste summons. Don’t waste yourself.",
        "choices": [
          { "label": "Ask about the dungeon", "nextState": "talk_dungeon" },
          { "label": "Ask about the town", "nextState": "talk_town" },
          { "label": "Leave", "action": "close" }
        ]
      },
      "talk_dungeon": {
        "text": "It doesn’t want you dead. It wants you *convinced*. There’s a difference. Dead things don’t pray. Convinced things do.",
        "choices": [
          { "label": "Back", "nextState": "default" }
        ]
      },
      "talk_town": {
        "text": "A town is just a room with too many mirrors. Everyone here is looking for the angle that makes them forgivable.",
        "choices": [
          { "label": "Back", "nextState": "default" }
        ]
      }
    }
  },

  "npc_yukio": {
    "name": "Yukio",
    "layout": "visual_novel",
    "portrait": "NPC_Yukio",
    "initialState": "default",
    "states": {
      "default": {
        "text": "Efficiency is key. Do not waste my time.",
        "choices": [
          { "label": "You’re a Summoner too.", "nextState": "talk_summoner" },
          { "label": "Leave", "action": "close" }
        ]
      },
      "talk_summoner": {
        "text": "I summon because I don’t trust people to stand where I need them. Creatures are honest. They take payment and they do the job.",
        "choices": [
          { "label": "Sounds lonely.", "nextState": "talk_lonely" },
          { "label": "Back", "nextState": "default" }
        ]
      },
      "talk_lonely": {
        "text": "Lonely is a luxury. You’ll learn that if you keep surviving.",
        "choices": [
          { "label": "Back", "nextState": "default" }
        ]
      }
    }
  },

  "npc_geraldo": {
    "name": "Geraldo",
    "layout": "visual_novel",
    "portrait": "NPC_Geraldo",
    "initialState": "default",
    "states": {
      "default": {
        "text": "Heh. You look like you’ve seen a ghost. Want to hear a story? They’re all true. That’s what makes them useless.",
        "choices": [
          { "label": "Tell me.", "nextState": "story_1" },
          { "label": "Browse", "action": "shop", "shopId": "auction_house" },
          { "label": "Leave", "action": "close" }
        ]
      },
      "story_1": {
        "text": "Once, a Summoner ran out of MP and begged his own creature to stop draining him. The creature cried. Then it kept eating. The dungeon doesn’t make monsters. It just reveals who’s hungry.",
        "choices": [
          { "label": "…Lovely.", "nextState": "default" },
          { "label": "Leave", "action": "close" }
        ]
      }
    }
  }
}
