{
  "sparkling_gift": {
    "name": "Sparkling Gesture",
    "giver": "Alicia",
    "summary": "Find a glittering keepsake that Alicia can gift to Laura.",
    "description": "Alicia wants to surprise Laura with a shimmering token. She believes a rare teardrop crystal from the lower tunnels would be perfect.",
    "objectives": [
      "Locate a Glittering Teardrop in the dungeon.",
      "Return it to Alicia so she can craft a gift for Laura."
    ],
    "requirements": {
      "items": [
        { "id": "glittering_teardrop", "qty": 1, "consume": true }
      ]
    },
    "rewards": {
      "gold": 45,
      "items": [
        { "id": "light_amulet", "qty": 1 }
      ]
    }
  },
  "golden_promise": {
    "name": "Golden Promise",
    "giver": "Laura",
    "summary": "Secure an ornate ring so Laura can work with new material.",
    "description": "Laura needs an unmarked golden band taken from a rare undead. She is willing to pay well for anyone brave enough to retrieve it.",
    "objectives": [
      "Acquire an Untarnished Signet from the depths.",
      "Deliver the ring to Laura at her forge."
    ],
    "requirements": {
      "items": [
        { "id": "untarnished_signet", "qty": 1, "consume": true }
      ]
    },
    "rewards": {
      "gold": 80,
      "items": [
        { "id": "alert_charm", "qty": 1 }
      ]
    }
  }
}

