{
  "battle": {
    "your_party_collapses": "Your party collapses in the dark.",
    "enemies_emerge": "Enemies emerge from the dark!",
    "victory": "Victory!",
    "flee": "Flee",
    "resolve_round": "Resolve Round"
  },
  "formation": {
    "title": "Formation – Stillnight",
    "label": "Drag and drop to rearrange. Active party is the first 4 members.",
    "reserve_label": "Reserve",
    "ok": "OK",
    "cancel": "Cancel"
  },
  "inventory": {
    "title": "Inventory – Stillnight",
    "empty": "Your bag is empty.",
    "use": "Use",
    "discard": "Discard"
  },
  "log": {
    "new_run": "[Run] New run started.",
    "floor_intro": "[Floor] ",
    "navigate_card": "[Navigate] You flip to card ",
    "step_echo": "[Step] Your footsteps echo softly.",
    "wall_blocks": "A wall blocks the way.",
    "party_falls": "[Battle] Your party falls.",
    "run_ended": "The run has ended. Start a new run.",
    "no_deeper_floors": "No deeper floors. Run over (for now).",
    "all_tiles_revealed": "All tiles revealed."
  },
  "status": {
    "exploring_floor": "Exploring floor ",
    "ready": "Ready.",
    "log_cleared": "Log cleared.",
    "only_adjacent_tiles": "You can only move to adjacent tiles.",
    "enemy_encountered": "Enemy encountered!",
    "descending": "Descending.",
    "victory": "Victory."
  },
  "shop": {
    "title": "Shop – Stillnight",
    "vendor_message": "A crooked vendor raises one eyebrow.",
    "not_enough_gold": "You don't have enough gold.",
    "purchased": "Purchased "
  },
  "recruit": {
    "title": "Recruit – Stillnight",
    "no_one_here": "[Recruit] No one is here.",
    "decline_offer": "[Recruit] You decline {0}'s offer.",
    "recruited": "{0} recruited!",
    "party_full": "Party is full. Select a member to replace:",
    "decide_not_to_replace": "[Recruit] You decide not to replace anyone.",
    "replace_member": "[Recruit] You replace {0} with {1}."
  },
  "shrine": {
    "silent": "[Shrine] This shrine is silent.",
    "hp_change": "[Shrine] Your party's HP changes by {0}.",
    "max_hp_change": "[Shrine] Your party's max HP changes by {0}.",
    "xp_gain": "[Shrine] Your party gains {0} XP.",
    "gold_gain": "[Shrine] You gain {0} gold."
  }
}
