[
  {
    "id": "original",
    "name": "Original",
    "colors": {
      "desktop-bg": "#008080",
      "window-bg": "#c0c0c0",
      "window-text": "#000000",
      "window-border": "#000000",
      "window-header-bg-start": "#000080",
      "window-header-bg-end": "#0000a8",
      "window-header-text": "#ffffff",
      "button-bg": "#c0c0c0",
      "terminal-bg": "#000000",
      "terminal-text": "#00ff00",
      "tile-bg": "#c0c0c0",
      "tile-fog-bg": "#808080",
      "tile-fog-text": "#c0c0c0",
      "tile-player-bg": "#e8e8ff",
      "text-danger": "#800000",
      "text-highlight": "#000080",
      "text-success": "#008000",
      "text-mystic": "#400040",
      "text-warning": "#804000",
      "text-special": "#600060",
      "text-info": "#2040D0",
      "selection-bg": "#000080",
      "selection-text": "#ffffff",
      "content-bg": "#ffffff",
      "gauge-hp": "#00a000",
      "gauge-bg": "#808080",
      "text-functional": "#478174",
      "bezel-light": "#ffffff",
      "bezel-shadow": "#808080",
      "bezel-dark": "#404040",
      "tooltip-bg": "#ffffe1",
      "tooltip-text": "#000000"
    }
  },
  {
    "id": "night",
    "name": "Night Mode",
    "colors": {
      "desktop-bg": "#102020",
      "window-bg": "#303030",
      "window-text": "#e0e0e0",
      "window-border": "#000000",
      "window-header-bg-start": "#000040",
      "window-header-bg-end": "#000060",
      "window-header-text": "#c0c0c0",
      "button-bg": "#404040",
      "terminal-bg": "#101010",
      "terminal-text": "#00cc00",
      "tile-bg": "#303030",
      "tile-fog-bg": "#101010",
      "tile-fog-text": "#303030",
      "tile-player-bg": "#404060",
      "text-danger": "#ff6060",
      "text-highlight": "#8080ff",
      "text-success": "#60ff60",
      "text-mystic": "#c060c0",
      "text-warning": "#d0a040",
      "text-special": "#a060a0",
      "text-info": "#60a0ff",
      "selection-bg": "#6060a0",
      "selection-text": "#ffffff",
      "content-bg": "#202020",
      "gauge-bg": "#404040",
      "text-functional": "#60a090",
      "bezel-light": "#606060",
      "bezel-shadow": "#202020",
      "bezel-dark": "#101010",
      "tooltip-bg": "#303020",
      "tooltip-text": "#e0e0e0"
    }
  },
  {
    "id": "high-contrast",
    "name": "High Contrast",
    "colors": {
      "desktop-bg": "#000000",
      "window-bg": "#000000",
      "window-text": "#ffffff",
      "window-border": "#ffffff",
      "window-header-bg-start": "#000000",
      "window-header-bg-end": "#000000",
      "window-header-text": "#ffff00",
      "button-bg": "#000000",
      "terminal-bg": "#000000",
      "terminal-text": "#00ff00",
      "tile-bg": "#000000",
      "tile-fog-bg": "#000000",
      "tile-fog-text": "#000000",
      "tile-player-bg": "#ffffff",
      "text-danger": "#ff0000",
      "text-highlight": "#00ffff",
      "text-success": "#00ff00",
      "text-mystic": "#ff00ff",
      "text-warning": "#ffff00",
      "text-special": "#ff00ff",
      "text-info": "#00ffff",
      "selection-bg": "#ffff00",
      "selection-text": "#000000",
      "content-bg": "#000000",
      "gauge-hp": "#ffffff",
      "gauge-bg": "#000000",
      "text-functional": "#00ffff",
      "bezel-light": "#ffffff",
      "bezel-shadow": "#ffffff",
      "bezel-dark": "#ffffff",
      "tooltip-bg": "#000000",
      "tooltip-text": "#ffffff"
    }
  },
  {
    "id": "vaporwave",
    "name": "Vaporwave",
    "colors": {
      "desktop-bg": "#2b1055",
      "window-bg": "#f8c8dc",
      "window-text": "#2b1055",
      "window-border": "#01cdfe",
      "window-header-bg-start": "#01cdfe",
      "window-header-bg-end": "#b967ff",
      "window-header-text": "#ffffff",
      "button-bg": "#f8c8dc",
      "terminal-bg": "#2b1055",
      "terminal-text": "#01cdfe",
      "tile-bg": "#f8c8dc",
      "tile-fog-bg": "#711c91",
      "tile-fog-text": "#f8c8dc",
      "tile-player-bg": "#fff0f5",
      "text-danger": "#ff0055",
      "text-highlight": "#01cdfe",
      "text-success": "#00ff99",
      "text-mystic": "#b967ff",
      "text-warning": "#ffcc00",
      "text-special": "#ff71ce",
      "text-info": "#01cdfe",
      "selection-bg": "#b967ff",
      "selection-text": "#ffffff",
      "content-bg": "#fff0f5",
      "gauge-hp": "#00ff99",
      "gauge-bg": "#2b1055",
      "text-functional": "#b967ff",
      "bezel-light": "#ffffff",
      "bezel-shadow": "#ea86c2",
      "bezel-dark": "#b967ff",
      "tooltip-bg": "#2b1055",
      "tooltip-text": "#01cdfe"
    }
  },
  {
    "id": "frutiger-aero",
    "name": "Frutiger Aero",
    "colors": {
      "desktop-bg": "#87CEEB",
      "window-bg": "#f0faff",
      "window-text": "#333333",
      "window-border": "#ffffff",
      "window-header-bg-start": "#7cfc00",
      "window-header-bg-end": "#00bfff",
      "window-header-text": "#ffffff",
      "button-bg": "#ffffff",
      "terminal-bg": "#003366",
      "terminal-text": "#00ffff",
      "tile-bg": "#f0faff",
      "tile-fog-bg": "#cceeff",
      "tile-fog-text": "#f0faff",
      "tile-player-bg": "#ffffff",
      "text-danger": "#ff4444",
      "text-highlight": "#00bfff",
      "text-success": "#32cd32",
      "text-mystic": "#9932cc",
      "text-warning": "#ffa500",
      "text-special": "#ff1493",
      "text-info": "#1e90ff",
      "selection-bg": "#00bfff",
      "selection-text": "#ffffff",
      "content-bg": "#ffffff",
      "gauge-hp": "#32cd32",
      "gauge-bg": "#cceeff",
      "text-functional": "#1e90ff",
      "bezel-light": "#ffffff",
      "bezel-shadow": "#b0e0e6",
      "bezel-dark": "#87cefa",
      "tooltip-bg": "#f0faff",
      "tooltip-text": "#333333"
    }
  },
  {
    "id": "terminal",
    "name": "Amber Terminal",
    "colors": {
      "desktop-bg": "#000000",
      "window-bg": "#111111",
      "window-text": "#ffb000",
      "window-border": "#ffb000",
      "window-header-bg-start": "#111111",
      "window-header-bg-end": "#222222",
      "window-header-text": "#ffb000",
      "button-bg": "#111111",
      "terminal-bg": "#000000",
      "terminal-text": "#ffb000",
      "tile-bg": "#111111",
      "tile-fog-bg": "#000000",
      "tile-fog-text": "#332200",
      "tile-player-bg": "#332200",
      "text-danger": "#ff4400",
      "text-highlight": "#ffe082",
      "text-success": "#ffb000",
      "text-mystic": "#ffb000",
      "text-warning": "#ff8800",
      "text-special": "#ffcc00",
      "text-info": "#ffb000",
      "selection-bg": "#ffb000",
      "selection-text": "#000000",
      "content-bg": "#000000",
      "gauge-hp": "#ffb000",
      "gauge-bg": "#332200",
      "text-functional": "#ffb000",
      "bezel-light": "#ffcc00",
      "bezel-shadow": "#aa7700",
      "bezel-dark": "#553300",
      "tooltip-bg": "#000000",
      "tooltip-text": "#ffb000"
    }
  },
  {
    "id": "moshi-moshi",
    "name": "Moshi Moshi Harajuku",
    "colors": {
      "desktop-bg": "#ff00cc",
      "window-bg": "#ffff00",
      "window-text": "#000000",
      "window-border": "#00ffff",
      "window-header-bg-start": "#00ffff",
      "window-header-bg-end": "#ff00ff",
      "window-header-text": "#000000",
      "button-bg": "#ffff00",
      "terminal-bg": "#000000",
      "terminal-text": "#ff00cc",
      "tile-bg": "#ffff00",
      "tile-fog-bg": "#ffcc00",
      "tile-fog-text": "#ffff00",
      "tile-player-bg": "#ffffff",
      "text-danger": "#ff0000",
      "text-highlight": "#0000ff",
      "text-success": "#008000",
      "text-mystic": "#800080",
      "text-warning": "#ff8000",
      "text-special": "#ff00ff",
      "text-info": "#0000ff",
      "selection-bg": "#ff00cc",
      "selection-text": "#ffffff",
      "content-bg": "#ffffff",
      "gauge-hp": "#ff00cc",
      "gauge-bg": "#00ffff",
      "text-functional": "#0000ff",
      "bezel-light": "#ffffff",
      "bezel-shadow": "#cccc00",
      "bezel-dark": "#ff00cc",
      "tooltip-bg": "#00ffff",
      "tooltip-text": "#000000"
    }
  },
  {
    "id": "trans-rights",
    "name": "Trans Rights",
    "colors": {
      "desktop-bg": "#5BCEFA",
      "window-bg": "#ffffff",
      "window-text": "#555555",
      "window-border": "#F5A9B8",
      "window-header-bg-start": "#F5A9B8",
      "window-header-bg-end": "#5BCEFA",
      "window-header-text": "#ffffff",
      "button-bg": "#ffffff",
      "terminal-bg": "#ffffff",
      "terminal-text": "#555555",
      "tile-bg": "#ffffff",
      "tile-fog-bg": "#e0e0e0",
      "tile-fog-text": "#ffffff",
      "tile-player-bg": "#F5A9B8",
      "text-danger": "#ff6666",
      "text-highlight": "#5BCEFA",
      "text-success": "#55aa55",
      "text-mystic": "#a0a0ff",
      "text-warning": "#ffaa55",
      "text-special": "#F5A9B8",
      "text-info": "#5BCEFA",
      "selection-bg": "#5BCEFA",
      "selection-text": "#ffffff",
      "content-bg": "#ffffff",
      "gauge-hp": "#F5A9B8",
      "gauge-bg": "#eeeeee",
      "text-functional": "#5BCEFA",
      "bezel-light": "#ffffff",
      "bezel-shadow": "#F5A9B8",
      "bezel-dark": "#5BCEFA",
      "tooltip-bg": "#ffffff",
      "tooltip-text": "#5BCEFA"
    }
  },
  {
    "id": "ffv",
    "name": "Final Fantasy V",
    "colors": {
      "desktop-bg": "#000000",
      "window-bg": "#000080",
      "window-text": "#ffffff",
      "window-border": "#ffffff",
      "window-header-bg-start": "#000080",
      "window-header-bg-end": "#000050",
      "window-header-text": "#c0c0c0",
      "button-bg": "#000080",
      "terminal-bg": "#000050",
      "terminal-text": "#ffffff",
      "tile-bg": "#000080",
      "tile-fog-bg": "#000040",
      "tile-fog-text": "#000080",
      "tile-player-bg": "#4040a0",
      "text-danger": "#ff8080",
      "text-highlight": "#8080ff",
      "text-success": "#80ff80",
      "text-mystic": "#ff80ff",
      "text-warning": "#ffff80",
      "text-special": "#ff80ff",
      "text-info": "#80ffff",
      "selection-bg": "#ffffff",
      "selection-text": "#000080",
      "content-bg": "#000060",
      "gauge-hp": "#ffffff",
      "gauge-bg": "#000040",
      "text-functional": "#a0a0ff",
      "bezel-light": "#8080ff",
      "bezel-shadow": "#000040",
      "bezel-dark": "#000000",
      "tooltip-bg": "#000080",
      "tooltip-text": "#ffffff"
    }
  },
  {
    "id": "smt",
    "name": "SMT / COMP",
    "colors": {
      "desktop-bg": "#000000",
      "window-bg": "#101010",
      "window-text": "#00ffcc",
      "window-border": "#008080",
      "window-header-bg-start": "#800000",
      "window-header-bg-end": "#400000",
      "window-header-text": "#ff0000",
      "button-bg": "#202020",
      "terminal-bg": "#000000",
      "terminal-text": "#00ffcc",
      "tile-bg": "#101010",
      "tile-fog-bg": "#050505",
      "tile-fog-text": "#101010",
      "tile-player-bg": "#003333",
      "text-danger": "#ff0000",
      "text-highlight": "#00ffcc",
      "text-success": "#00ffcc",
      "text-mystic": "#cc00ff",
      "text-warning": "#ffcc00",
      "text-special": "#ff0000",
      "text-info": "#00ffcc",
      "selection-bg": "#008080",
      "selection-text": "#000000",
      "content-bg": "#050505",
      "gauge-hp": "#00ffcc",
      "gauge-bg": "#004040",
      "text-functional": "#008080",
      "bezel-light": "#008080",
      "bezel-shadow": "#004040",
      "bezel-dark": "#000000",
      "tooltip-bg": "#002020",
      "tooltip-text": "#00ffcc"
    }
  },
  {
    "id": "hot-dog-stand",
    "name": "Hot Dog Stand",
    "colors": {
      "desktop-bg": "#ffff00",
      "window-bg": "#ff0000",
      "window-text": "#ffffff",
      "window-border": "#000000",
      "window-header-bg-start": "#000000",
      "window-header-bg-end": "#000000",
      "window-header-text": "#ffff00",
      "button-bg": "#ff0000",
      "terminal-bg": "#000000",
      "terminal-text": "#ffff00",
      "tile-bg": "#ff0000",
      "tile-fog-bg": "#aa0000",
      "tile-fog-text": "#ff0000",
      "tile-player-bg": "#ffff00",
      "text-danger": "#ffff00",
      "text-highlight": "#ffffff",
      "text-success": "#ffff00",
      "text-mystic": "#ffffff",
      "text-warning": "#ffff00",
      "text-special": "#ffffff",
      "text-info": "#ffffff",
      "selection-bg": "#000000",
      "selection-text": "#ffff00",
      "content-bg": "#aa0000",
      "gauge-hp": "#ffff00",
      "gauge-bg": "#000000",
      "text-functional": "#ffff00",
      "bezel-light": "#ffff00",
      "bezel-shadow": "#aa0000",
      "bezel-dark": "#000000",
      "tooltip-bg": "#ffff00",
      "tooltip-text": "#ff0000"
    }
  },
  {
    "id": "gameboy",
    "name": "Dot Matrix",
    "colors": {
      "desktop-bg": "#0f380f",
      "window-bg": "#8bac0f",
      "window-text": "#0f380f",
      "window-border": "#306230",
      "window-header-bg-start": "#306230",
      "window-header-bg-end": "#306230",
      "window-header-text": "#9bbc0f",
      "button-bg": "#8bac0f",
      "terminal-bg": "#9bbc0f",
      "terminal-text": "#0f380f",
      "tile-bg": "#8bac0f",
      "tile-fog-bg": "#306230",
      "tile-fog-text": "#8bac0f",
      "tile-player-bg": "#9bbc0f",
      "text-danger": "#0f380f",
      "text-highlight": "#306230",
      "text-success": "#0f380f",
      "text-mystic": "#306230",
      "text-warning": "#0f380f",
      "text-special": "#306230",
      "text-info": "#0f380f",
      "selection-bg": "#0f380f",
      "selection-text": "#9bbc0f",
      "content-bg": "#9bbc0f",
      "gauge-hp": "#0f380f",
      "gauge-bg": "#306230",
      "text-functional": "#306230",
      "bezel-light": "#9bbc0f",
      "bezel-shadow": "#306230",
      "bezel-dark": "#0f380f",
      "tooltip-bg": "#9bbc0f",
      "tooltip-text": "#0f380f"
    }
  },
  {
    "id": "dracula",
    "name": "Dracula",
    "colors": {
      "desktop-bg": "#282a36",
      "window-bg": "#44475a",
      "window-text": "#f8f8f2",
      "window-border": "#bd93f9",
      "window-header-bg-start": "#bd93f9",
      "window-header-bg-end": "#6272a4",
      "window-header-text": "#f8f8f2",
      "button-bg": "#44475a",
      "terminal-bg": "#282a36",
      "terminal-text": "#50fa7b",
      "tile-bg": "#44475a",
      "tile-fog-bg": "#282a36",
      "tile-fog-text": "#44475a",
      "tile-player-bg": "#6272a4",
      "text-danger": "#ff5555",
      "text-highlight": "#8be9fd",
      "text-success": "#50fa7b",
      "text-mystic": "#bd93f9",
      "text-warning": "#f1fa8c",
      "text-special": "#ff79c6",
      "text-info": "#8be9fd",
      "selection-bg": "#bd93f9",
      "selection-text": "#282a36",
      "content-bg": "#282a36",
      "gauge-hp": "#50fa7b",
      "gauge-bg": "#282a36",
      "text-functional": "#8be9fd",
      "bezel-light": "#6272a4",
      "bezel-shadow": "#282a36",
      "bezel-dark": "#191a21",
      "tooltip-bg": "#282a36",
      "tooltip-text": "#f8f8f2"
    }
  },
  {
    "id": "solarized-light",
    "name": "Solarized Light",
    "colors": {
      "desktop-bg": "#fdf6e3",
      "window-bg": "#eee8d5",
      "window-text": "#657b83",
      "window-border": "#93a1a1",
      "window-header-bg-start": "#b58900",
      "window-header-bg-end": "#cb4b16",
      "window-header-text": "#fdf6e3",
      "button-bg": "#eee8d5",
      "terminal-bg": "#fdf6e3",
      "terminal-text": "#657b83",
      "tile-bg": "#eee8d5",
      "tile-fog-bg": "#d3d7cf",
      "tile-fog-text": "#eee8d5",
      "tile-player-bg": "#fdf6e3",
      "text-danger": "#dc322f",
      "text-highlight": "#268bd2",
      "text-success": "#859900",
      "text-mystic": "#6c71c4",
      "text-warning": "#b58900",
      "text-special": "#d33682",
      "text-info": "#2aa198",
      "selection-bg": "#586e75",
      "selection-text": "#fdf6e3",
      "content-bg": "#fdf6e3",
      "gauge-hp": "#859900",
      "gauge-bg": "#93a1a1",
      "text-functional": "#2aa198",
      "bezel-light": "#fdf6e3",
      "bezel-shadow": "#93a1a1",
      "bezel-dark": "#586e75",
      "tooltip-bg": "#073642",
      "tooltip-text": "#839496"
    }
  },
  {
    "id": "blueprint",
    "name": "Blueprint",
    "colors": {
      "desktop-bg": "#002080",
      "window-bg": "#0033cc",
      "window-text": "#ffffff",
      "window-border": "#ffffff",
      "window-header-bg-start": "#0033cc",
      "window-header-bg-end": "#002080",
      "window-header-text": "#ffffff",
      "button-bg": "#0033cc",
      "terminal-bg": "#002080",
      "terminal-text": "#ffffff",
      "tile-bg": "#0033cc",
      "tile-fog-bg": "#001040",
      "tile-fog-text": "#0033cc",
      "tile-player-bg": "#3366ff",
      "text-danger": "#ffffff",
      "text-highlight": "#ffffff",
      "text-success": "#ffffff",
      "text-mystic": "#ffffff",
      "text-warning": "#ffffff",
      "text-special": "#ffffff",
      "text-info": "#ffffff",
      "selection-bg": "#ffffff",
      "selection-text": "#002080",
      "content-bg": "#002080",
      "gauge-hp": "#ffffff",
      "gauge-bg": "#001040",
      "text-functional": "#ffffff",
      "bezel-light": "#6688ff",
      "bezel-shadow": "#001040",
      "bezel-dark": "#000000",
      "tooltip-bg": "#ffffff",
      "tooltip-text": "#002080"
    }
  }
]
